Date,Site,Combined HYAR Max Activity,Discharge (cms),Min Daily Temp (degrees C)
3/1/2022,SYC1,NA,0.161,NA
3/2/2022,SYC1,NA,0.161,NA
3/3/2022,SYC1,NA,0.166,NA
3/4/2022,SYC1,NA,0.168,NA
3/5/2022,SYC1,NA,0.172,NA
3/6/2022,SYC1,NA,0.170,NA
3/7/2022,SYC1,NA,0.175,NA
3/8/2022,SYC1,NA,0.174,NA
3/9/2022,SYC1,NA,0.177,NA
3/10/2022,SYC1,0,0.177,NA
3/11/2022,SYC1,0,0.178,NA
3/12/2022,SYC1,0,0.178,NA
3/13/2022,SYC1,0,0.184,NA
3/14/2022,SYC1,0,0.186,NA
3/15/2022,SYC1,0,0.191,NA
3/16/2022,SYC1,0,0.195,NA
3/17/2022,SYC1,0,0.195,NA
3/18/2022,SYC1,0,0.210,NA
3/19/2022,SYC1,0,0.215,NA
3/20/2022,SYC1,0,0.244,NA
3/21/2022,SYC1,0,0.253,NA
3/22/2022,SYC1,0,0.260,13.189
3/23/2022,SYC1,0,0.266,4.480
3/24/2022,SYC1,0,0.242,2.378
3/25/2022,SYC1,0,0.244,6.711
3/26/2022,SYC1,0,0.248,9.972
3/27/2022,SYC1,0,0.252,7.355
3/28/2022,SYC1,0,0.239,6.368
3/29/2022,SYC1,0,0.236,5.767
3/30/2022,SYC1,0,0.304,4.738
3/31/2022,SYC1,0,0.292,6.883
4/1/2022,SYC1,0,0.313,6.797
4/2/2022,SYC1,0,0.251,7.869
4/3/2022,SYC1,0,0.260,7.612
4/4/2022,SYC1,0,0.271,7.440
4/5/2022,SYC1,0,0.247,7.097
4/6/2022,SYC1,0,0.257,7.483
4/7/2022,SYC1,0,0.240,3.279
4/8/2022,SYC1,0,0.274,3.150
4/9/2022,SYC1,0,0.266,7.398
4/10/2022,SYC1,0,0.255,7.526
4/11/2022,SYC1,0,0.230,5.424
4/12/2022,SYC1,0,0.223,5.767
4/13/2022,SYC1,0,0.229,-0.625
4/14/2022,SYC1,0,0.226,1.820
4/15/2022,SYC1,0,0.228,4.180
4/16/2022,SYC1,0,0.234,4.352
4/17/2022,SYC1,1,0.242,5.553
4/18/2022,SYC1,0,0.252,7.998
4/19/2022,SYC1,0,0.230,10.872
4/20/2022,SYC1,0,0.235,7.226
4/21/2022,SYC1,0,0.231,5.853
4/22/2022,SYC1,0,0.225,8.770
4/23/2022,SYC1,0,0.216,5.124
4/24/2022,SYC1,0,0.219,2.421
4/25/2022,SYC1,0,0.221,1.949
4/26/2022,SYC1,0,0.210,7.827
4/27/2022,SYC1,0,0.212,6.668
4/28/2022,SYC1,0,0.207,8.727
4/29/2022,SYC1,0,0.202,6.411
4/30/2022,SYC1,0,0.202,7.998
5/1/2022,SYC1,0,0.195,8.770
5/2/2022,SYC1,0,0.192,7.483
5/3/2022,SYC1,0,0.188,7.398
5/4/2022,SYC1,0,0.193,5.810
5/5/2022,SYC1,0,0.200,8.599
5/6/2022,SYC1,0,0.190,10.057
5/7/2022,SYC1,0,0.190,9.414
5/8/2022,SYC1,0,0.190,9.242
5/9/2022,SYC1,0,0.194,11.044
5/10/2022,SYC1,0,0.196,6.497
5/11/2022,SYC1,0,0.191,6.196
5/12/2022,SYC1,0,0.197,4.437
5/13/2022,SYC1,0,0.205,8.341
5/14/2022,SYC1,0,0.197,11.945
5/15/2022,SYC1,0,0.193,13.661
5/16/2022,SYC1,0,0.193,14.004
5/17/2022,SYC1,1,0.189,12.117
5/18/2022,SYC1,0,0.193,12.503
5/19/2022,SYC1,0,0.193,13.017
5/20/2022,SYC1,0,0.184,13.961
5/21/2022,SYC1,0,0.186,12.546
5/22/2022,SYC1,0,0.182,10.615
5/23/2022,SYC1,0,0.183,12.245
5/24/2022,SYC1,0,0.176,10.529
5/25/2022,SYC1,0,0.180,12.245
5/26/2022,SYC1,0,0.184,14.605
5/27/2022,SYC1,0,0.187,15.205
5/28/2022,SYC1,0,0.171,13.747
5/29/2022,SYC1,0,0.179,12.803
5/30/2022,SYC1,0,0.180,9.714
5/31/2022,SYC1,0,0.183,9.500
6/1/2022,SYC1,0,0.178,11.688
6/2/2022,SYC1,0,0.192,12.546
6/3/2022,SYC1,0,0.205,12.374
6/4/2022,SYC1,0,0.202,12.717
6/5/2022,SYC1,0,0.209,13.833
6/6/2022,SYC1,0,0.211,15.034
6/7/2022,SYC1,0,0.226,16.793
6/8/2022,SYC1,0,0.257,18.080
6/9/2022,SYC1,0,0.244,16.364
6/10/2022,SYC1,0,0.275,19.495
6/11/2022,SYC1,0,0.279,18.852
6/12/2022,SYC1,0,0.227,19.624
6/13/2022,SYC1,0,0.184,16.407
6/14/2022,SYC1,0,0.173,13.661
6/15/2022,SYC1,0,0.201,14.090
6/16/2022,SYC1,0,0.224,15.763
6/17/2022,SYC1,0,0.172,20.311
6/18/2022,SYC1,0,0.167,18.766
6/19/2022,SYC1,0,0.195,14.862
6/20/2022,SYC1,0,0.232,12.460
6/21/2022,SYC1,0,0.243,12.932
6/22/2022,SYC1,0,0.267,20.525
6/23/2022,SYC1,NA,0.240,16.021
6/24/2022,SYC1,NA,0.250,17.522
6/25/2022,SYC1,NA,0.258,15.549
6/26/2022,SYC1,NA,0.311,15.205
6/27/2022,SYC1,NA,0.441,14.433
6/28/2022,SYC1,NA,0.350,17.951
6/29/2022,SYC1,NA,0.296,18.809
6/30/2022,SYC1,NA,0.338,18.595
7/1/2022,SYC1,NA,0.249,18.037
7/2/2022,SYC1,NA,0.220,19.453
7/3/2022,SYC1,NA,0.169,17.779
7/4/2022,SYC1,NA,0.171,16.407
7/5/2022,SYC1,NA,0.184,19.924
7/6/2022,SYC1,NA,0.197,17.608
7/7/2022,SYC1,NA,0.212,15.034
7/8/2022,SYC1,NA,0.222,18.809
7/9/2022,SYC1,NA,0.245,20.825
7/10/2022,SYC1,NA,0.297,19.495
7/11/2022,SYC1,NA,0.192,22.456
7/12/2022,SYC1,NA,0.176,20.353
7/13/2022,SYC1,NA,0.225,18.981
7/14/2022,SYC1,NA,0.195,19.538
7/15/2022,SYC1,NA,0.239,20.568
7/16/2022,SYC1,NA,0.192,21.254
7/17/2022,SYC1,NA,0.160,21.555
7/18/2022,SYC1,NA,0.193,21.512
7/19/2022,SYC1,NA,0.180,22.885
7/20/2022,SYC1,NA,0.175,22.927
7/21/2022,SYC1,NA,0.158,22.155
7/22/2022,SYC1,NA,0.145,25.073
7/23/2022,SYC1,NA,0.142,22.627
7/24/2022,SYC1,NA,0.147,20.096
7/25/2022,SYC1,NA,0.155,21.512
7/26/2022,SYC1,NA,0.146,20.825
7/27/2022,SYC1,NA,0.160,20.311
7/28/2022,SYC1,NA,0.148,19.538
7/29/2022,SYC1,NA,3.304,20.096
7/30/2022,SYC1,NA,0.184,19.796
7/31/2022,SYC1,NA,0.181,19.024
3/1/2022,MM1,NA,NA,-0.367
3/2/2022,MM1,NA,NA,1.906
3/3/2022,MM1,NA,NA,6.497
3/4/2022,MM1,NA,NA,3.193
3/5/2022,MM1,NA,NA,3.537
3/6/2022,MM1,NA,NA,-2.384
3/7/2022,MM1,NA,NA,-1.998
3/8/2022,MM1,NA,NA,-4.057
3/9/2022,MM1,NA,NA,0.147
3/10/2022,MM1,NA,NA,3.065
3/11/2022,MM1,NA,NA,-1.612
3/12/2022,MM1,NA,NA,-1.397
3/13/2022,MM1,NA,NA,3.065
3/14/2022,MM1,NA,NA,2.636
3/15/2022,MM1,0,NA,5.982
3/16/2022,MM1,0,NA,7.183
3/17/2022,MM1,0,NA,1.091
3/18/2022,MM1,0,NA,5.810
3/19/2022,MM1,0,NA,3.794
3/20/2022,MM1,0,NA,3.966
3/21/2022,MM1,0,NA,0.147
3/22/2022,MM1,0,NA,1.563
3/23/2022,MM1,0,NA,1.906
3/24/2022,MM1,0,NA,5.896
3/25/2022,MM1,0,NA,8.727
3/26/2022,MM1,0,NA,10.100
3/27/2022,MM1,0,NA,12.074
3/28/2022,MM1,0,NA,9.028
3/29/2022,MM1,0,NA,5.381
3/30/2022,MM1,0,NA,4.094
3/31/2022,MM1,0,7.140,8.041
4/1/2022,MM1,0,4.460,7.569
4/2/2022,MM1,0,3.134,9.929
4/3/2022,MM1,1,2.551,10.572
4/4/2022,MM1,0,1.403,10.401
4/5/2022,MM1,1,0.044,10.787
4/6/2022,MM1,0,0.002,10.100
4/7/2022,MM1,0,0.002,3.279
4/8/2022,MM1,3,0.001,4.695
4/9/2022,MM1,0,0.001,12.331
4/10/2022,MM1,2,0.001,9.414
4/11/2022,MM1,0,0.001,6.883
4/12/2022,MM1,0,0.001,1.992
4/13/2022,MM1,0,0.000,-1.397
4/14/2022,MM1,2,0.000,5.467
4/15/2022,MM1,2,0.000,8.084
4/16/2022,MM1,2,0.000,9.457
4/17/2022,MM1,2,0.000,10.272
4/18/2022,MM1,3,0.000,12.588
4/19/2022,MM1,3,0.000,12.932
4/20/2022,MM1,2,0.000,8.727
4/21/2022,MM1,3,0.000,11.602
4/22/2022,MM1,0,0.000,6.582
4/23/2022,MM1,0,0.000,4.137
4/24/2022,MM1,3,0.000,4.566
4/25/2022,MM1,3,0.000,3.150
4/26/2022,MM1,3,0.000,9.585
4/27/2022,MM1,3,0.000,12.889
4/28/2022,MM1,3,0.000,11.344
4/29/2022,MM1,3,0.000,10.358
4/30/2022,MM1,3,0.000,8.556
5/1/2022,MM1,0,0.000,12.588
5/2/2022,MM1,3,0.000,11.216
5/3/2022,MM1,3,0.000,10.443
5/4/2022,MM1,3,0.000,9.886
5/5/2022,MM1,3,0.000,10.186
5/6/2022,MM1,3,0.000,14.734
5/7/2022,MM1,2,0.000,15.334
5/8/2022,MM1,0,0.000,16.664
5/9/2022,MM1,2,0.000,11.216
5/10/2022,MM1,3,0.000,11.945
5/11/2022,MM1,0,0.000,11.430
5/12/2022,MM1,0,0.000,5.467
5/13/2022,MM1,0,0.000,10.915
5/14/2022,MM1,NA,0.000,13.961
5/15/2022,MM1,NA,0.000,17.436
5/16/2022,MM1,NA,0.000,17.608
5/17/2022,MM1,NA,0.000,16.793
5/18/2022,MM1,NA,0.000,17.007
5/19/2022,MM1,NA,0.000,16.964
5/20/2022,MM1,NA,0.000,12.202
5/21/2022,MM1,NA,0.000,15.205
5/22/2022,MM1,NA,0.000,15.205
5/23/2022,MM1,NA,0.000,16.278
5/24/2022,MM1,NA,0.000,12.760
5/25/2022,MM1,NA,0.000,12.117
5/26/2022,MM1,NA,0.000,19.152
5/27/2022,MM1,NA,0.000,18.766
5/28/2022,MM1,NA,0.000,17.951
5/29/2022,MM1,NA,0.000,15.248
5/30/2022,MM1,NA,0.000,12.803
5/31/2022,MM1,NA,0.000,12.803
6/1/2022,MM1,NA,0.000,16.321
6/2/2022,MM1,NA,0.000,16.793
6/3/2022,MM1,NA,0.000,17.994
6/4/2022,MM1,NA,0.000,17.436
6/5/2022,MM1,NA,0.000,18.380
6/6/2022,MM1,NA,0.000,19.324
6/7/2022,MM1,NA,0.000,20.311
6/8/2022,MM1,NA,0.000,21.555
6/9/2022,MM1,NA,0.000,22.198
6/10/2022,MM1,NA,0.000,24.129
6/11/2022,MM1,NA,0.000,23.614
6/12/2022,MM1,NA,0.000,21.812
6/13/2022,MM1,NA,0.000,19.066
6/14/2022,MM1,NA,0.000,18.509
6/15/2022,MM1,NA,0.000,19.066
6/16/2022,MM1,NA,0.000,21.555
6/17/2022,MM1,NA,0.000,22.927
6/18/2022,MM1,NA,0.000,17.608
6/19/2022,MM1,NA,0.000,15.334
6/20/2022,MM1,NA,0.000,15.677
6/21/2022,MM1,NA,0.000,18.981
6/22/2022,MM1,NA,0.000,20.782
6/23/2022,MM1,NA,0.000,17.651
6/24/2022,MM1,NA,0.000,17.737
6/25/2022,MM1,NA,0.000,19.624
6/26/2022,MM1,NA,0.000,19.495
6/27/2022,MM1,NA,0.000,17.136
6/28/2022,MM1,NA,0.000,22.155
6/29/2022,MM1,NA,0.000,23.185
6/30/2022,MM1,NA,0.000,20.182
7/1/2022,MM1,NA,0.000,21.254
7/2/2022,MM1,NA,0.000,22.112
7/3/2022,MM1,NA,0.000,22.284
7/4/2022,MM1,NA,0.000,21.340
7/5/2022,MM1,NA,0.000,23.828
7/6/2022,MM1,NA,0.000,21.083
7/7/2022,MM1,NA,0.000,20.139
7/8/2022,MM1,NA,0.000,23.013
7/9/2022,MM1,NA,0.000,24.987
7/10/2022,MM1,NA,0.000,24.343
7/11/2022,MM1,NA,0.000,23.442
7/12/2022,MM1,NA,0.000,20.740
7/13/2022,MM1,NA,0.000,20.997
7/14/2022,MM1,NA,0.000,23.099
7/15/2022,MM1,NA,0.000,21.469
7/16/2022,MM1,NA,0.000,23.056
7/17/2022,MM1,NA,0.000,23.614
7/18/2022,MM1,NA,0.000,22.327
7/19/2022,MM1,NA,0.000,24.858
7/20/2022,MM1,NA,0.000,26.102
7/21/2022,MM1,NA,0.000,26.059
7/22/2022,MM1,NA,0.000,25.630
7/23/2022,MM1,NA,0.000,24.386
7/24/2022,MM1,NA,0.000,23.142
7/25/2022,MM1,NA,0.000,22.541
7/26/2022,MM1,NA,0.000,21.383
7/27/2022,MM1,NA,0.000,20.568
7/28/2022,MM1,NA,0.000,18.723
7/29/2022,MM1,NA,0.000,18.208
7/30/2022,MM1,NA,0.000,20.010
7/31/2022,MM1,NA,0.000,19.924
3/1/2022,WB1,NA,0.002,1.306
3/2/2022,WB1,NA,0.003,3.494
3/3/2022,WB1,NA,0.010,6.153
3/4/2022,WB1,NA,0.061,4.223
3/5/2022,WB1,NA,0.031,1.906
3/6/2022,WB1,NA,0.040,-1.826
3/7/2022,WB1,NA,0.014,-2.384
3/8/2022,WB1,NA,0.004,-4.014
3/9/2022,WB1,NA,0.005,-0.453
3/10/2022,WB1,0,0.003,1.692
3/11/2022,WB1,0,0.007,-1.612
3/12/2022,WB1,0,0.003,-0.925
3/13/2022,WB1,0,0.003,2.292
3/14/2022,WB1,0,0.005,3.022
3/15/2022,WB1,0,0.007,4.738
3/16/2022,WB1,0,0.007,7.655
3/17/2022,WB1,0,0.026,2.593
3/18/2022,WB1,0,0.034,4.094
3/19/2022,WB1,0,0.012,5.596
3/20/2022,WB1,0,0.008,3.279
3/21/2022,WB1,0,0.007,1.563
3/22/2022,WB1,0,0.006,2.249
3/23/2022,WB1,0,0.009,1.949
3/24/2022,WB1,0,0.008,4.866
3/25/2022,WB1,0,0.007,8.642
3/26/2022,WB1,0,0.010,9.972
3/27/2022,WB1,0,0.009,9.671
3/28/2022,WB1,0,0.007,8.642
3/29/2022,WB1,0,0.003,5.381
3/30/2022,WB1,0,0.066,4.352
3/31/2022,WB1,0,0.063,6.540
4/1/2022,WB1,0,0.024,6.111
4/2/2022,WB1,0,0.008,8.298
4/3/2022,WB1,0,0.004,9.457
4/4/2022,WB1,2,0.003,8.813
4/5/2022,WB1,2,0.002,9.800
4/6/2022,WB1,2,0.002,10.014
4/7/2022,WB1,2,0.003,6.068
4/8/2022,WB1,3,0.002,6.625
4/9/2022,WB1,3,0.002,9.757
4/10/2022,WB1,3,0.002,10.701
4/11/2022,WB1,3,0.002,8.727
4/12/2022,WB1,0,0.002,2.249
4/13/2022,WB1,0,0.002,-0.196
4/14/2022,WB1,2,0.002,3.751
4/15/2022,WB1,3,0.002,6.883
4/16/2022,WB1,3,0.002,9.929
4/17/2022,WB1,3,0.002,8.770
4/18/2022,WB1,3,0.002,10.315
4/19/2022,WB1,3,0.002,13.961
4/20/2022,WB1,3,0.002,10.315
4/21/2022,WB1,3,0.002,11.173
4/22/2022,WB1,0,0.002,7.655
4/23/2022,WB1,0,0.002,4.652
4/24/2022,WB1,3,0.002,7.183
4/25/2022,WB1,3,0.002,10.615
4/26/2022,WB1,3,0.002,10.658
4/27/2022,WB1,3,0.002,12.117
4/28/2022,WB1,3,0.002,9.714
4/29/2022,WB1,3,0.002,9.500
4/30/2022,WB1,3,0.002,8.556
5/1/2022,WB1,3,0.002,11.988
5/2/2022,WB1,3,0.002,10.787
5/3/2022,WB1,3,0.002,11.902
5/4/2022,WB1,3,0.002,9.371
5/5/2022,WB1,3,0.002,12.760
5/6/2022,WB1,3,0.002,13.361
5/7/2022,WB1,3,0.002,14.004
5/8/2022,WB1,3,0.002,15.849
5/9/2022,WB1,3,0.002,12.074
5/10/2022,WB1,2,0.002,11.301
5/11/2022,WB1,3,0.002,11.645
5/12/2022,WB1,3,0.002,5.338
5/13/2022,WB1,3,0.002,8.727
5/14/2022,WB1,3,0.002,12.245
5/15/2022,WB1,3,0.002,14.948
5/16/2022,WB1,3,0.002,15.634
5/17/2022,WB1,2,0.002,15.077
5/18/2022,WB1,3,0.002,15.334
5/19/2022,WB1,3,0.002,15.248
5/20/2022,WB1,3,0.002,14.262
5/21/2022,WB1,3,0.002,13.918
5/22/2022,WB1,3,0.002,13.833
5/23/2022,WB1,3,0.002,14.004
5/24/2022,WB1,3,0.002,10.872
5/25/2022,WB1,3,0.002,13.918
5/26/2022,WB1,3,0.002,16.879
5/27/2022,WB1,3,0.002,17.265
5/28/2022,WB1,3,0.002,16.879
5/29/2022,WB1,3,0.002,16.149
5/30/2022,WB1,3,0.002,12.159
5/31/2022,WB1,3,0.002,12.975
6/1/2022,WB1,3,0.002,14.047
6/2/2022,WB1,3,0.002,14.691
6/3/2022,WB1,3,0.002,15.677
6/4/2022,WB1,3,0.002,15.720
6/5/2022,WB1,3,0.002,16.664
6/6/2022,WB1,3,0.002,17.822
6/7/2022,WB1,3,0.002,17.908
6/8/2022,WB1,3,0.002,19.796
6/9/2022,WB1,3,0.002,19.753
6/10/2022,WB1,3,0.002,21.340
6/11/2022,WB1,3,0.002,21.426
6/12/2022,WB1,3,0.002,22.155
6/13/2022,WB1,3,0.002,19.882
6/14/2022,WB1,3,0.002,18.680
6/15/2022,WB1,0,0.002,17.479
6/16/2022,WB1,NA,0.002,19.367
6/17/2022,WB1,NA,0.002,21.169
6/18/2022,WB1,NA,0.002,17.651
6/19/2022,WB1,NA,0.002,17.522
6/20/2022,WB1,NA,0.002,13.618
6/21/2022,WB1,NA,0.002,16.492
6/22/2022,WB1,NA,0.003,20.225
6/23/2022,WB1,NA,0.003,19.324
6/24/2022,WB1,NA,0.003,15.978
6/25/2022,WB1,NA,0.002,17.179
6/26/2022,WB1,NA,0.002,16.450
6/27/2022,WB1,NA,0.002,15.377
6/28/2022,WB1,NA,0.003,18.637
6/29/2022,WB1,NA,0.003,18.294
6/30/2022,WB1,NA,0.002,17.908
7/1/2022,WB1,NA,0.003,19.109
7/2/2022,WB1,NA,0.002,19.710
7/3/2022,WB1,NA,0.003,19.195
7/4/2022,WB1,NA,0.003,19.024
7/5/2022,WB1,NA,0.002,21.297
7/6/2022,WB1,NA,0.003,18.423
7/7/2022,WB1,NA,0.003,17.694
7/8/2022,WB1,NA,0.003,20.053
7/9/2022,WB1,NA,0.003,21.640
7/10/2022,WB1,NA,0.003,21.898
7/11/2022,WB1,NA,0.003,23.099
7/12/2022,WB1,NA,0.003,19.152
7/13/2022,WB1,NA,0.003,19.495
7/14/2022,WB1,NA,0.003,21.126
7/15/2022,WB1,NA,0.002,19.538
7/16/2022,WB1,NA,0.003,20.225
7/17/2022,WB1,NA,0.002,21.426
7/18/2022,WB1,NA,0.003,21.640
7/19/2022,WB1,NA,0.003,22.713
7/20/2022,WB1,NA,0.003,20.997
7/21/2022,WB1,NA,0.003,20.954
7/22/2022,WB1,NA,0.003,22.670
7/23/2022,WB1,NA,0.003,22.241
7/24/2022,WB1,NA,0.002,21.555
7/25/2022,WB1,NA,0.002,21.598
7/26/2022,WB1,NA,0.002,21.726
7/27/2022,WB1,NA,0.002,19.367
7/28/2022,WB1,NA,0.003,18.294
7/29/2022,WB1,NA,0.004,17.865
7/30/2022,WB1,NA,0.003,19.324
7/31/2022,WB1,NA,0.002,19.238
3/1/2022,WB2-Wet,NA,NA,NA
3/2/2022,WB2-Wet,NA,NA,NA
3/3/2022,WB2-Wet,NA,NA,NA
3/4/2022,WB2-Wet,NA,NA,NA
3/5/2022,WB2-Wet,NA,NA,NA
3/6/2022,WB2-Wet,NA,NA,NA
3/7/2022,WB2-Wet,NA,NA,NA
3/8/2022,WB2-Wet,NA,NA,NA
3/9/2022,WB2-Wet,NA,NA,NA
3/10/2022,WB2-Wet,NA,NA,NA
3/11/2022,WB2-Wet,NA,NA,NA
3/12/2022,WB2-Wet,0,NA,NA
3/13/2022,WB2-Wet,0,NA,NA
3/14/2022,WB2-Wet,0,0.006,NA
3/15/2022,WB2-Wet,0,0.006,NA
3/16/2022,WB2-Wet,0,0.016,NA
3/17/2022,WB2-Wet,0,0.074,NA
3/18/2022,WB2-Wet,0,0.051,NA
3/19/2022,WB2-Wet,0,0.042,NA
3/20/2022,WB2-Wet,0,0.022,NA
3/21/2022,WB2-Wet,0,0.013,NA
3/22/2022,WB2-Wet,0,0.009,NA
3/23/2022,WB2-Wet,0,0.006,NA
3/24/2022,WB2-Wet,0,0.005,NA
3/25/2022,WB2-Wet,0,0.005,NA
3/26/2022,WB2-Wet,0,0.008,NA
3/27/2022,WB2-Wet,0,0.008,NA
3/28/2022,WB2-Wet,0,0.006,NA
3/29/2022,WB2-Wet,0,0.005,NA
3/30/2022,WB2-Wet,0,0.165,NA
3/31/2022,WB2-Wet,0,0.173,NA
4/1/2022,WB2-Wet,0,0.025,NA
4/2/2022,WB2-Wet,0,0.008,NA
4/3/2022,WB2-Wet,0,0.004,NA
4/4/2022,WB2-Wet,0,0.002,NA
4/5/2022,WB2-Wet,0,0.001,NA
4/6/2022,WB2-Wet,0,0.001,NA
4/7/2022,WB2-Wet,0,0.001,NA
4/8/2022,WB2-Wet,0,0.001,NA
4/9/2022,WB2-Wet,0,0.001,NA
4/10/2022,WB2-Wet,0,0.001,NA
4/11/2022,WB2-Wet,0,0.001,NA
4/12/2022,WB2-Wet,0,0.001,NA
4/13/2022,WB2-Wet,0,0.001,NA
4/14/2022,WB2-Wet,0,0.001,NA
4/15/2022,WB2-Wet,1,0.001,NA
4/16/2022,WB2-Wet,0,0.001,NA
4/17/2022,WB2-Wet,0,0.001,NA
4/18/2022,WB2-Wet,0,0.001,NA
4/19/2022,WB2-Wet,0,0.001,NA
4/20/2022,WB2-Wet,0,0.001,NA
4/21/2022,WB2-Wet,1,0.001,NA
4/22/2022,WB2-Wet,0,0.001,NA
4/23/2022,WB2-Wet,0,0.001,NA
4/24/2022,WB2-Wet,0,0.001,NA
4/25/2022,WB2-Wet,3,0.001,NA
4/26/2022,WB2-Wet,2,0.001,NA
4/27/2022,WB2-Wet,3,0.001,NA
4/28/2022,WB2-Wet,2,0.001,NA
4/29/2022,WB2-Wet,3,0.001,NA
4/30/2022,WB2-Wet,3,0.001,NA
5/1/2022,WB2-Wet,0,0.001,NA
5/2/2022,WB2-Wet,3,0.001,NA
5/3/2022,WB2-Wet,2,0.001,NA
5/4/2022,WB2-Wet,2,0.001,NA
5/5/2022,WB2-Wet,3,0.001,NA
5/6/2022,WB2-Wet,3,0.001,NA
5/7/2022,WB2-Wet,3,0.001,NA
5/8/2022,WB2-Wet,0,0.001,NA
5/9/2022,WB2-Wet,0,0.001,NA
5/10/2022,WB2-Wet,2,0.001,NA
5/11/2022,WB2-Wet,0,0.001,NA
5/12/2022,WB2-Wet,2,0.001,NA
5/13/2022,WB2-Wet,3,0.001,NA
5/14/2022,WB2-Wet,3,0.001,NA
5/15/2022,WB2-Wet,3,0.001,NA
5/16/2022,WB2-Wet,3,0.001,NA
5/17/2022,WB2-Wet,3,0.001,NA
5/18/2022,WB2-Wet,2,0.001,NA
5/19/2022,WB2-Wet,3,0.001,NA
5/20/2022,WB2-Wet,0,0.001,NA
5/21/2022,WB2-Wet,0,0.001,NA
5/22/2022,WB2-Wet,2,0.001,NA
5/23/2022,WB2-Wet,3,0.001,NA
5/24/2022,WB2-Wet,3,0.001,NA
5/25/2022,WB2-Wet,3,0.001,NA
5/26/2022,WB2-Wet,3,0.001,NA
5/27/2022,WB2-Wet,3,0.001,NA
5/28/2022,WB2-Wet,0,0.001,NA
5/29/2022,WB2-Wet,0,0.001,NA
5/30/2022,WB2-Wet,0,0.001,NA
5/31/2022,WB2-Wet,1,0.001,NA
6/1/2022,WB2-Wet,3,0.001,23.571
6/2/2022,WB2-Wet,3,0.001,16.921
6/3/2022,WB2-Wet,2,0.001,23.485
6/4/2022,WB2-Wet,2,0.001,22.370
6/5/2022,WB2-Wet,1,0.001,22.498
6/6/2022,WB2-Wet,3,0.001,22.027
6/7/2022,WB2-Wet,3,0.001,14.905
6/8/2022,WB2-Wet,0,0.001,19.152
6/9/2022,WB2-Wet,NA,0.001,18.938
6/10/2022,WB2-Wet,NA,0.001,20.997
6/11/2022,WB2-Wet,NA,0.001,20.396
6/12/2022,WB2-Wet,NA,0.001,20.782
6/13/2022,WB2-Wet,NA,0.001,19.152
6/14/2022,WB2-Wet,NA,0.001,18.294
6/15/2022,WB2-Wet,NA,0.001,16.407
6/16/2022,WB2-Wet,NA,0.001,18.466
6/17/2022,WB2-Wet,NA,0.001,20.225
6/18/2022,WB2-Wet,NA,0.001,17.479
6/19/2022,WB2-Wet,NA,0.001,16.149
6/20/2022,WB2-Wet,NA,0.001,13.575
6/21/2022,WB2-Wet,NA,0.001,16.063
6/22/2022,WB2-Wet,NA,0.001,19.538
6/23/2022,WB2-Wet,NA,0.001,18.723
6/24/2022,WB2-Wet,NA,0.001,15.677
6/25/2022,WB2-Wet,NA,0.001,17.865
6/26/2022,WB2-Wet,NA,0.001,18.294
6/27/2022,WB2-Wet,NA,0.001,16.664
6/28/2022,WB2-Wet,NA,0.001,19.109
6/29/2022,WB2-Wet,NA,0.001,20.439
6/30/2022,WB2-Wet,NA,0.001,20.353
7/1/2022,WB2-Wet,NA,0.001,19.710
7/2/2022,WB2-Wet,NA,0.001,20.697
7/3/2022,WB2-Wet,NA,0.001,19.667
7/4/2022,WB2-Wet,NA,0.001,18.680
7/5/2022,WB2-Wet,NA,0.001,20.268
7/6/2022,WB2-Wet,NA,0.001,18.123
7/7/2022,WB2-Wet,NA,0.001,17.093
7/8/2022,WB2-Wet,NA,0.001,19.882
7/9/2022,WB2-Wet,NA,0.001,21.555
7/10/2022,WB2-Wet,NA,0.001,20.997
7/11/2022,WB2-Wet,NA,0.001,22.027
7/12/2022,WB2-Wet,NA,0.001,21.211
7/13/2022,WB2-Wet,NA,0.001,21.469
7/14/2022,WB2-Wet,NA,0.001,21.512
7/15/2022,WB2-Wet,NA,0.001,20.611
7/16/2022,WB2-Wet,NA,0.001,20.396
7/17/2022,WB2-Wet,NA,0.001,21.426
7/18/2022,WB2-Wet,NA,0.001,21.426
7/19/2022,WB2-Wet,NA,0.001,22.799
7/20/2022,WB2-Wet,NA,0.001,22.756
7/21/2022,WB2-Wet,NA,0.001,23.871
7/22/2022,WB2-Wet,NA,0.001,22.456
7/23/2022,WB2-Wet,NA,0.001,18.981
7/24/2022,WB2-Wet,NA,0.001,19.453
7/25/2022,WB2-Wet,NA,0.001,19.753
7/26/2022,WB2-Wet,NA,0.001,19.924
7/27/2022,WB2-Wet,NA,0.001,18.208
7/28/2022,WB2-Wet,NA,0.001,17.565
7/29/2022,WB2-Wet,NA,0.001,17.093
7/30/2022,WB2-Wet,NA,0.001,18.852
7/31/2022,WB2-Wet,NA,0.009,17.737
3/1/2022,RR1,NA,0.000,0.491
3/2/2022,RR1,NA,0.000,-1.183
3/3/2022,RR1,NA,0.000,-0.410
3/4/2022,RR1,NA,0.000,1.005
3/5/2022,RR1,NA,0.000,0.748
3/6/2022,RR1,NA,0.001,-2.770
3/7/2022,RR1,NA,0.001,-3.585
3/8/2022,RR1,NA,0.000,-5.301
3/9/2022,RR1,NA,0.000,-3.499
3/10/2022,RR1,NA,0.000,-1.697
3/11/2022,RR1,NA,0.000,-3.757
3/12/2022,RR1,0,0.001,-2.941
3/13/2022,RR1,0,0.000,-1.654
3/14/2022,RR1,0,0.001,-1.526
3/15/2022,RR1,0,0.001,-0.968
3/16/2022,RR1,0,0.001,1.992
3/17/2022,RR1,0,0.001,-1.612
3/18/2022,RR1,0,0.001,-0.754
3/19/2022,RR1,0,0.000,-0.839
3/20/2022,RR1,0,0.000,1.906
3/21/2022,RR1,0,0.000,-1.225
3/22/2022,RR1,0,0.000,-1.225
3/23/2022,RR1,0,0.000,3.322
3/24/2022,RR1,0,0.000,0.019
3/25/2022,RR1,0,0.000,1.820
3/26/2022,RR1,0,0.000,4.523
3/27/2022,RR1,0,0.000,4.094
3/28/2022,RR1,0,0.000,3.665
3/29/2022,RR1,0,0.000,2.164
3/30/2022,RR1,0,0.001,1.649
3/31/2022,RR1,0,0.000,3.108
4/1/2022,RR1,0,0.001,2.335
4/2/2022,RR1,0,0.001,3.322
4/3/2022,RR1,0,0.000,4.180
4/4/2022,RR1,0,0.000,4.523
4/5/2022,RR1,0,0.000,5.124
4/6/2022,RR1,0,0.000,3.966
4/7/2022,RR1,0,0.000,5.853
4/8/2022,RR1,0,0.000,5.896
4/9/2022,RR1,0,0.000,3.665
4/10/2022,RR1,0,0.000,4.180
4/11/2022,RR1,0,0.000,2.378
4/12/2022,RR1,0,0.000,-1.697
4/13/2022,RR1,0,0.000,-3.499
4/14/2022,RR1,0,0.000,-0.282
4/15/2022,RR1,0,0.000,1.349
4/16/2022,RR1,0,0.000,2.636
4/17/2022,RR1,0,0.000,3.193
4/18/2022,RR1,2,0.000,4.480
4/19/2022,RR1,0,0.000,5.467
4/20/2022,RR1,1,0.000,4.223
4/21/2022,RR1,3,0.000,3.622
4/22/2022,RR1,1,0.000,2.721
4/23/2022,RR1,0,0.000,-0.582
4/24/2022,RR1,1,0.000,2.335
4/25/2022,RR1,2,0.000,5.081
4/26/2022,RR1,3,0.000,4.738
4/27/2022,RR1,3,0.000,5.381
4/28/2022,RR1,3,0.000,3.751
4/29/2022,RR1,3,0.000,4.437
4/30/2022,RR1,3,0.000,3.751
5/1/2022,RR1,3,0.000,4.824
5/2/2022,RR1,3,0.000,4.523
5/3/2022,RR1,3,0.000,7.097
5/4/2022,RR1,3,0.000,2.121
5/5/2022,RR1,3,0.000,5.596
5/6/2022,RR1,3,0.000,7.054
5/7/2022,RR1,3,0.000,8.041
5/8/2022,RR1,3,0.000,10.529
5/9/2022,RR1,0,0.000,8.942
5/10/2022,RR1,3,0.000,7.655
5/11/2022,RR1,0,0.000,7.097
5/12/2022,RR1,1,0.000,1.477
5/13/2022,RR1,3,0.000,4.309
5/14/2022,RR1,3,0.000,5.467
5/15/2022,RR1,3,0.000,6.926
5/16/2022,RR1,3,0.000,9.457
5/17/2022,RR1,3,0.000,8.727
5/18/2022,RR1,3,0.000,9.285
5/19/2022,RR1,3,0.000,9.628
5/20/2022,RR1,3,0.000,10.915
5/21/2022,RR1,3,0.000,9.285
5/22/2022,RR1,3,0.000,8.770
5/23/2022,RR1,3,0.000,9.671
5/24/2022,RR1,3,0.000,6.797
5/25/2022,RR1,3,0.000,7.526
5/26/2022,RR1,0,0.000,9.843
5/27/2022,RR1,3,0.000,10.958
5/28/2022,RR1,3,0.000,11.430
5/29/2022,RR1,3,0.000,11.602
5/30/2022,RR1,0,0.000,6.282
5/31/2022,RR1,3,0.000,6.625
6/1/2022,RR1,3,0.000,7.483
6/2/2022,RR1,3,0.000,8.770
6/3/2022,RR1,3,0.000,10.100
6/4/2022,RR1,3,0.000,9.585
6/5/2022,RR1,3,0.000,11.087
6/6/2022,RR1,3,0.000,12.331
6/7/2022,RR1,3,0.000,12.674
6/8/2022,RR1,3,0.000,13.961
6/9/2022,RR1,3,0.000,13.918
6/10/2022,RR1,3,0.000,14.305
6/11/2022,RR1,3,0.000,14.047
6/12/2022,RR1,3,0.000,16.278
6/13/2022,RR1,3,0.000,12.674
6/14/2022,RR1,3,0.000,12.417
6/15/2022,RR1,2,0.000,11.387
6/16/2022,RR1,3,0.000,13.103
6/17/2022,RR1,NA,0.000,14.305
6/18/2022,RR1,NA,0.000,13.575
6/19/2022,RR1,NA,0.000,11.516
6/20/2022,RR1,NA,0.000,7.741
6/21/2022,RR1,NA,0.000,10.229
6/22/2022,RR1,NA,0.000,15.720
6/23/2022,RR1,NA,0.000,12.374
6/24/2022,RR1,NA,0.000,13.575
6/25/2022,RR1,NA,0.000,13.318
6/26/2022,RR1,NA,0.000,12.503
6/27/2022,RR1,NA,0.000,13.790
6/28/2022,RR1,NA,0.000,15.677
6/29/2022,RR1,NA,0.000,16.921
6/30/2022,RR1,NA,0.000,15.291
7/1/2022,RR1,NA,0.001,13.661
7/2/2022,RR1,NA,0.000,15.334
7/3/2022,RR1,NA,0.000,14.519
7/4/2022,RR1,NA,0.000,14.176
7/5/2022,RR1,NA,0.000,15.463
7/6/2022,RR1,NA,0.000,14.262
7/7/2022,RR1,NA,0.000,12.074
7/8/2022,RR1,NA,0.000,15.120
7/9/2022,RR1,NA,0.000,17.179
7/10/2022,RR1,NA,0.000,16.964
7/11/2022,RR1,NA,0.000,16.192
7/12/2022,RR1,NA,0.000,18.595
7/13/2022,RR1,NA,0.000,18.852
7/14/2022,RR1,NA,0.000,17.265
7/15/2022,RR1,NA,0.000,16.492
7/16/2022,RR1,NA,0.000,16.278
7/17/2022,RR1,NA,0.000,17.565
7/18/2022,RR1,NA,0.000,16.836
7/19/2022,RR1,NA,0.000,17.222
7/20/2022,RR1,NA,0.000,17.565
7/21/2022,RR1,NA,0.000,17.050
7/22/2022,RR1,NA,0.000,18.552
7/23/2022,RR1,NA,0.000,17.565
7/24/2022,RR1,NA,0.000,17.050
7/25/2022,RR1,NA,0.000,18.037
7/26/2022,RR1,NA,0.000,17.779
7/27/2022,RR1,NA,0.000,16.750
7/28/2022,RR1,NA,0.001,16.235
7/29/2022,RR1,NA,0.000,15.034
7/30/2022,RR1,NA,0.000,15.763
7/31/2022,RR1,NA,0.000,16.364
3/1/2022,RR3,NA,0.013,-0.968
3/2/2022,RR3,NA,0.013,-2.255
3/3/2022,RR3,NA,0.013,-1.011
3/4/2022,RR3,NA,0.014,0.491
3/5/2022,RR3,NA,0.026,-3.757
3/6/2022,RR3,NA,0.142,-2.984
3/7/2022,RR3,NA,0.132,-2.727
3/8/2022,RR3,NA,0.080,-4.657
3/9/2022,RR3,NA,0.043,-3.113
3/10/2022,RR3,0,0.029,-2.427
3/11/2022,RR3,0,0.138,-5.387
3/12/2022,RR3,0,0.113,-3.928
3/13/2022,RR3,0,0.118,-2.169
3/14/2022,RR3,0,0.176,-1.998
3/15/2022,RR3,0,0.167,-1.354
3/16/2022,RR3,0,0.160,0.233
3/17/2022,RR3,0,0.160,-0.711
3/18/2022,RR3,0,0.137,-1.740
3/19/2022,RR3,0,0.116,-1.483
3/20/2022,RR3,0,0.071,1.477
3/21/2022,RR3,0,0.102,-1.011
3/22/2022,RR3,0,0.067,-1.397
3/23/2022,RR3,0,0.046,1.263
3/24/2022,RR3,0,0.034,-0.968
3/25/2022,RR3,0,0.033,0.877
3/26/2022,RR3,0,0.030,2.464
3/27/2022,RR3,0,0.032,2.335
3/28/2022,RR3,0,0.039,2.207
3/29/2022,RR3,0,0.059,1.434
3/30/2022,RR3,0,0.119,1.434
3/31/2022,RR3,0,0.151,2.035
4/1/2022,RR3,0,0.147,1.306
4/2/2022,RR3,0,0.115,2.464
4/3/2022,RR3,0,0.062,2.850
4/4/2022,RR3,0,0.043,3.150
4/5/2022,RR3,0,0.033,3.622
4/6/2022,RR3,0,0.025,3.322
4/7/2022,RR3,0,0.017,3.065
4/8/2022,RR3,0,0.017,4.395
4/9/2022,RR3,0,0.015,3.193
4/10/2022,RR3,0,0.014,4.437
4/11/2022,RR3,0,0.012,3.365
4/12/2022,RR3,0,0.013,0.576
4/13/2022,RR3,0,0.011,-2.641
4/14/2022,RR3,0,0.011,-0.539
4/15/2022,RR3,0,0.011,1.563
4/16/2022,RR3,0,0.011,1.778
4/17/2022,RR3,0,0.012,2.764
4/18/2022,RR3,0,0.012,3.451
4/19/2022,RR3,0,0.011,5.124
4/20/2022,RR3,0,0.011,4.952
4/21/2022,RR3,0,0.012,4.566
4/22/2022,RR3,0,0.011,5.124
4/23/2022,RR3,0,0.010,2.721
4/24/2022,RR3,0,0.011,1.477
4/25/2022,RR3,0,0.011,3.537
4/26/2022,RR3,2,0.010,3.193
4/27/2022,RR3,0,0.011,4.008
4/28/2022,RR3,0,0.010,3.708
4/29/2022,RR3,0,0.010,3.923
4/30/2022,RR3,0,0.010,3.365
5/1/2022,RR3,0,0.010,4.008
5/2/2022,RR3,0,0.010,4.824
5/3/2022,RR3,0,0.011,6.068
5/4/2022,RR3,0,0.010,4.266
5/5/2022,RR3,0,0.010,4.309
5/6/2022,RR3,0,0.011,5.939
5/7/2022,RR3,0,0.011,6.668
5/8/2022,RR3,0,0.011,8.213
5/9/2022,RR3,0,0.011,9.156
5/10/2022,RR3,0,0.011,5.295
5/11/2022,RR3,0,0.012,5.553
5/12/2022,RR3,0,0.010,0.705
5/13/2022,RR3,0,0.011,3.322
5/14/2022,RR3,0,0.012,4.909
5/15/2022,RR3,1,0.011,6.196
5/16/2022,RR3,0,0.012,7.269
5/17/2022,RR3,0,0.011,7.483
5/18/2022,RR3,1,0.013,7.741
5/19/2022,RR3,0,0.012,8.213
5/20/2022,RR3,0,0.012,9.714
5/21/2022,RR3,0,0.014,10.100
5/22/2022,RR3,0,0.013,7.698
5/23/2022,RR3,0,0.013,7.998
5/24/2022,RR3,0,0.011,5.896
5/25/2022,RR3,0,0.013,7.140
5/26/2022,RR3,2,0.013,8.256
5/27/2022,RR3,0,0.014,9.199
5/28/2022,RR3,0,0.014,9.886
5/29/2022,RR3,0,0.014,9.714
5/30/2022,RR3,0,0.014,6.411
5/31/2022,RR3,0,0.012,5.295
6/1/2022,RR3,0,0.013,6.625
6/2/2022,RR3,2,0.012,7.612
6/3/2022,RR3,0,0.013,8.685
6/4/2022,RR3,2,0.013,8.685
6/5/2022,RR3,0,0.013,9.628
6/6/2022,RR3,0,0.013,10.744
6/7/2022,RR3,0,0.014,11.259
6/8/2022,RR3,0,0.012,12.117
6/9/2022,RR3,0,0.012,12.374
6/10/2022,RR3,0,0.013,13.532
6/11/2022,RR3,0,0.012,13.275
6/12/2022,RR3,0,0.013,13.918
6/13/2022,RR3,0,0.013,13.446
6/14/2022,RR3,0,0.012,11.945
6/15/2022,RR3,0,0.013,10.401
6/16/2022,RR3,0,0.014,11.473
6/17/2022,RR3,NA,0.014,13.017
6/18/2022,RR3,NA,0.016,14.090
6/19/2022,RR3,NA,0.016,11.344
6/20/2022,RR3,NA,0.013,7.612
6/21/2022,RR3,NA,0.013,9.671
6/22/2022,RR3,NA,0.014,15.291
6/23/2022,RR3,NA,0.013,11.816
6/24/2022,RR3,NA,0.043,13.790
6/25/2022,RR3,NA,0.017,12.159
6/26/2022,RR3,NA,0.014,11.859
6/27/2022,RR3,NA,0.016,12.417
6/28/2022,RR3,NA,0.016,14.133
6/29/2022,RR3,NA,0.015,14.862
6/30/2022,RR3,NA,0.026,14.862
7/1/2022,RR3,NA,0.029,13.361
7/2/2022,RR3,NA,0.017,13.833
7/3/2022,RR3,NA,0.016,13.017
7/4/2022,RR3,NA,0.015,12.588
7/5/2022,RR3,NA,0.017,14.605
7/6/2022,RR3,NA,0.015,13.189
7/7/2022,RR3,NA,0.013,11.259
7/8/2022,RR3,NA,0.014,13.232
7/9/2022,RR3,NA,0.017,15.077
7/10/2022,RR3,NA,0.019,16.106
7/11/2022,RR3,NA,0.022,14.605
7/12/2022,RR3,NA,0.017,16.278
7/13/2022,RR3,NA,0.016,17.179
7/14/2022,RR3,NA,0.017,16.836
7/15/2022,RR3,NA,0.031,15.806
7/16/2022,RR3,NA,0.021,15.592
7/17/2022,RR3,NA,0.018,16.106
7/18/2022,RR3,NA,0.021,16.707
7/19/2022,RR3,NA,0.019,16.535
7/20/2022,RR3,NA,0.017,17.179
7/21/2022,RR3,NA,0.023,15.506
7/22/2022,RR3,NA,0.019,16.664
7/23/2022,RR3,NA,0.021,17.479
7/24/2022,RR3,NA,0.023,15.849
7/25/2022,RR3,NA,0.021,17.350
7/26/2022,RR3,NA,0.022,18.509
7/27/2022,RR3,NA,0.021,17.136
7/28/2022,RR3,NA,0.055,16.235
7/29/2022,RR3,NA,0.038,14.991
7/30/2022,RR3,NA,0.026,15.291
7/31/2022,RR3,NA,0.022,15.677
3/1/2022,WCC3,NA,0.002,1.349
3/2/2022,WCC3,NA,0.002,-0.282
3/3/2022,WCC3,NA,0.002,0.791
3/4/2022,WCC3,NA,0.099,0.920
3/5/2022,WCC3,NA,0.090,-1.011
3/6/2022,WCC3,NA,0.056,-4.572
3/7/2022,WCC3,NA,0.044,-4.271
3/8/2022,WCC3,NA,0.042,-4.743
3/9/2022,WCC3,NA,0.026,-4.271
3/10/2022,WCC3,NA,0.024,-1.998
3/11/2022,WCC3,NA,0.044,-5.172
3/12/2022,WCC3,NA,0.024,-1.183
3/13/2022,WCC3,NA,0.029,-1.998
3/14/2022,WCC3,NA,0.044,-1.826
3/15/2022,WCC3,0,0.044,0.276
3/16/2022,WCC3,0,0.045,1.563
3/17/2022,WCC3,0,0.060,-0.796
3/18/2022,WCC3,0,0.053,-0.367
3/19/2022,WCC3,0,0.037,0.533
3/20/2022,WCC3,0,0.012,0.662
3/21/2022,WCC3,0,0.008,0.019
3/22/2022,WCC3,0,0.007,0.362
3/23/2022,WCC3,0,0.007,1.692
3/24/2022,WCC3,0,0.006,0.104
3/25/2022,WCC3,0,0.005,3.065
3/26/2022,WCC3,0,0.003,4.094
3/27/2022,WCC3,0,0.003,3.537
3/28/2022,WCC3,0,0.003,4.523
3/29/2022,WCC3,0,0.003,1.349
3/30/2022,WCC3,0,0.004,3.579
3/31/2022,WCC3,0,0.084,2.764
4/1/2022,WCC3,0,0.046,1.778
4/2/2022,WCC3,0,0.013,2.850
4/3/2022,WCC3,0,0.006,3.537
4/4/2022,WCC3,0,0.004,3.794
4/5/2022,WCC3,0,0.003,4.781
4/6/2022,WCC3,0,0.002,4.866
4/7/2022,WCC3,0,0.002,5.767
4/8/2022,WCC3,0,0.002,6.068
4/9/2022,WCC3,0,0.002,3.451
4/10/2022,WCC3,0,0.002,5.424
4/11/2022,WCC3,0,0.002,5.381
4/12/2022,WCC3,0,0.002,-0.367
4/13/2022,WCC3,0,0.002,-3.199
4/14/2022,WCC3,0,0.002,-0.067
4/15/2022,WCC3,0,0.002,1.520
4/16/2022,WCC3,0,0.002,2.593
4/17/2022,WCC3,0,0.002,2.464
4/18/2022,WCC3,1,0.002,4.094
4/19/2022,WCC3,2,0.002,6.582
4/20/2022,WCC3,2,0.001,6.368
4/21/2022,WCC3,2,0.002,5.424
4/22/2022,WCC3,0,0.002,2.936
4/23/2022,WCC3,0,0.002,1.134
4/24/2022,WCC3,0,0.002,4.609
4/25/2022,WCC3,0,0.001,4.909
4/26/2022,WCC3,3,0.001,4.652
4/27/2022,WCC3,2,0.001,5.338
4/28/2022,WCC3,2,0.001,4.566
4/29/2022,WCC3,3,0.001,4.266
4/30/2022,WCC3,3,0.001,6.411
5/1/2022,WCC3,2,0.001,5.253
5/2/2022,WCC3,3,0.001,5.810
5/3/2022,WCC3,3,0.001,6.711
5/4/2022,WCC3,3,0.001,5.253
5/5/2022,WCC3,3,0.001,6.153
5/6/2022,WCC3,3,0.001,6.926
5/7/2022,WCC3,3,0.001,8.256
5/8/2022,WCC3,3,0.001,9.242
5/9/2022,WCC3,2,0.001,9.328
5/10/2022,WCC3,3,0.001,5.939
5/11/2022,WCC3,2,0.001,5.682
5/12/2022,WCC3,3,0.001,1.220
5/13/2022,WCC3,3,0.001,3.537
5/14/2022,WCC3,3,0.001,6.625
5/15/2022,WCC3,3,0.001,8.298
5/16/2022,WCC3,3,0.001,9.028
5/17/2022,WCC3,3,0.001,7.869
5/18/2022,WCC3,3,0.001,8.384
5/19/2022,WCC3,3,0.001,8.599
5/20/2022,WCC3,3,0.001,10.315
5/21/2022,WCC3,1,0.001,10.958
5/22/2022,WCC3,2,0.001,7.912
5/23/2022,WCC3,3,0.001,9.199
5/24/2022,WCC3,3,0.001,7.869
5/25/2022,WCC3,3,0.001,8.470
5/26/2022,WCC3,3,0.001,9.929
5/27/2022,WCC3,3,0.001,10.358
5/28/2022,WCC3,3,0.001,11.988
5/29/2022,WCC3,2,0.001,10.958
5/30/2022,WCC3,1,0.001,8.642
5/31/2022,WCC3,2,0.001,7.011
6/1/2022,WCC3,2,0.001,7.784
6/2/2022,WCC3,2,0.001,7.955
6/3/2022,WCC3,3,0.001,9.328
6/4/2022,WCC3,3,0.001,9.242
6/5/2022,WCC3,3,0.001,10.744
6/6/2022,WCC3,3,0.001,12.031
6/7/2022,WCC3,3,0.001,12.374
6/8/2022,WCC3,3,0.001,13.361
6/9/2022,WCC3,3,0.001,NA
6/10/2022,WCC3,3,0.001,NA
6/11/2022,WCC3,2,0.001,NA
6/12/2022,WCC3,3,0.001,NA
6/13/2022,WCC3,0,0.001,NA
6/14/2022,WCC3,0,0.001,NA
6/15/2022,WCC3,0,0.001,NA
6/16/2022,WCC3,0,0.001,NA
6/17/2022,WCC3,0,0.001,NA
6/18/2022,WCC3,0,0.001,NA
6/19/2022,WCC3,0,0.001,NA
6/20/2022,WCC3,0,0.001,NA
6/21/2022,WCC3,0,0.001,NA
6/22/2022,WCC3,0,0.001,NA
6/23/2022,WCC3,0,0.001,NA
6/24/2022,WCC3,0,0.002,NA
6/25/2022,WCC3,0,0.002,NA
6/26/2022,WCC3,0,0.001,NA
6/27/2022,WCC3,0,0.001,NA
6/28/2022,WCC3,0,0.001,NA
6/29/2022,WCC3,0,0.001,NA
6/30/2022,WCC3,NA,0.001,NA
7/1/2022,WCC3,NA,0.001,NA
7/2/2022,WCC3,NA,0.001,NA
7/3/2022,WCC3,NA,0.001,NA
7/4/2022,WCC3,NA,0.001,NA
7/5/2022,WCC3,NA,0.001,NA
7/6/2022,WCC3,NA,0.001,NA
7/7/2022,WCC3,NA,0.001,NA
7/8/2022,WCC3,NA,0.001,NA
7/9/2022,WCC3,NA,0.001,NA
7/10/2022,WCC3,NA,0.001,NA
7/11/2022,WCC3,NA,0.001,NA
7/12/2022,WCC3,NA,0.001,NA
7/13/2022,WCC3,NA,0.002,NA
7/14/2022,WCC3,NA,0.002,NA
7/15/2022,WCC3,NA,0.001,NA
7/16/2022,WCC3,NA,0.001,NA
7/17/2022,WCC3,NA,0.001,NA
7/18/2022,WCC3,NA,0.001,NA
7/19/2022,WCC3,NA,0.001,NA
7/20/2022,WCC3,NA,0.001,NA
7/21/2022,WCC3,NA,0.001,NA
7/22/2022,WCC3,NA,0.001,NA
7/23/2022,WCC3,NA,0.001,NA
7/24/2022,WCC3,NA,0.001,NA
7/25/2022,WCC3,NA,0.001,NA
7/26/2022,WCC3,NA,0.001,NA
7/27/2022,WCC3,NA,0.001,NA
7/28/2022,WCC3,NA,0.002,NA
7/29/2022,WCC3,NA,0.001,NA
7/30/2022,WCC3,NA,0.001,NA
7/31/2022,WCC3,NA,0.001,NA
3/1/2022,WCC4,NA,0.001,-3.714
3/2/2022,WCC4,NA,0.001,-2.813
3/3/2022,WCC4,NA,0.147,-1.225
3/4/2022,WCC4,NA,0.091,-0.582
3/5/2022,WCC4,NA,0.063,-1.354
3/6/2022,WCC4,NA,0.048,-5.044
3/7/2022,WCC4,NA,0.033,-6.717
3/8/2022,WCC4,NA,0.027,-8.733
3/9/2022,WCC4,NA,0.029,-6.931
3/10/2022,WCC4,NA,0.038,-2.727
3/11/2022,WCC4,NA,0.028,-6.802
3/12/2022,WCC4,NA,0.030,-4.357
3/13/2022,WCC4,NA,0.042,-4.786
3/14/2022,WCC4,NA,0.041,-3.799
3/15/2022,WCC4,0,0.045,-2.169
3/16/2022,WCC4,0,0.060,-0.839
3/17/2022,WCC4,0,0.052,-1.869
3/18/2022,WCC4,0,0.036,-3.499
3/19/2022,WCC4,0,0.032,-2.899
3/20/2022,WCC4,0,0.029,-0.067
3/21/2022,WCC4,0,0.027,-0.496
3/22/2022,WCC4,0,0.027,-1.483
3/23/2022,WCC4,0,0.012,-0.325
3/24/2022,WCC4,0,0.009,-3.070
3/25/2022,WCC4,0,0.003,-0.582
3/26/2022,WCC4,0,0.005,0.362
3/27/2022,WCC4,0,0.007,-0.153
3/28/2022,WCC4,0,0.005,2.121
3/29/2022,WCC4,0,0.198,1.177
3/30/2022,WCC4,0,0.083,2.121
3/31/2022,WCC4,0,0.046,1.177
4/1/2022,WCC4,0,0.026,-0.367
4/2/2022,WCC4,0,0.013,0.147
4/3/2022,WCC4,0,0.006,0.791
4/4/2022,WCC4,0,0.003,1.048
4/5/2022,WCC4,0,0.002,3.065
4/6/2022,WCC4,0,0.001,1.477
4/7/2022,WCC4,0,0.001,2.078
4/8/2022,WCC4,0,0.001,1.735
4/9/2022,WCC4,0,0.001,-0.196
4/10/2022,WCC4,0,0.001,3.537
4/11/2022,WCC4,0,0.001,4.352
4/12/2022,WCC4,0,0.001,-0.796
4/13/2022,WCC4,0,0.001,-6.888
4/14/2022,WCC4,0,0.001,-3.070
4/15/2022,WCC4,0,0.001,0.062
4/16/2022,WCC4,0,0.001,0.619
4/17/2022,WCC4,0,0.001,-0.539
4/18/2022,WCC4,0,0.001,0.319
4/19/2022,WCC4,0,0.001,4.266
4/20/2022,WCC4,0,0.001,5.381
4/21/2022,WCC4,0,0.001,3.665
4/22/2022,WCC4,0,0.001,2.679
4/23/2022,WCC4,0,0.001,-0.711
4/24/2022,WCC4,0,0.001,1.906
4/25/2022,WCC4,0,0.001,0.405
4/26/2022,WCC4,0,0.001,0.748
4/27/2022,WCC4,0,0.001,2.292
4/28/2022,WCC4,0,0.001,1.134
4/29/2022,WCC4,0,0.001,1.820
4/30/2022,WCC4,0,0.001,1.778
5/1/2022,WCC4,0,0.001,1.306
5/2/2022,WCC4,0,0.001,2.764
5/3/2022,WCC4,0,0.001,5.810
5/4/2022,WCC4,0,0.001,1.306
5/5/2022,WCC4,0,0.001,1.863
5/6/2022,WCC4,0,0.001,3.665
5/7/2022,WCC4,0,0.001,5.982
5/8/2022,WCC4,0,0.001,8.041
5/9/2022,WCC4,0,0.001,8.470
5/10/2022,WCC4,0,0.001,5.124
5/11/2022,WCC4,0,0.001,2.721
5/12/2022,WCC4,0,0.001,-1.354
5/13/2022,WCC4,0,0.001,0.190
5/14/2022,WCC4,2,0.001,1.778
5/15/2022,WCC4,0,0.001,3.622
5/16/2022,WCC4,0,0.001,5.596
5/17/2022,WCC4,0,0.001,3.665
5/18/2022,WCC4,1,0.001,4.695
5/19/2022,WCC4,0,0.001,5.424
5/20/2022,WCC4,0,0.001,8.727
5/21/2022,WCC4,0,0.001,9.757
5/22/2022,WCC4,0,0.001,4.952
5/23/2022,WCC4,0,0.001,6.711
5/24/2022,WCC4,0,0.001,4.180
5/25/2022,WCC4,0,0.001,4.437
5/26/2022,WCC4,1,0.001,6.325
5/27/2022,WCC4,1,0.001,7.398
5/28/2022,WCC4,0,0.001,10.272
5/29/2022,WCC4,0,0.001,9.242
5/30/2022,WCC4,0,0.001,7.741
5/31/2022,WCC4,0,0.001,2.593
6/1/2022,WCC4,0,0.001,3.751
6/2/2022,WCC4,1,0.001,4.094
6/3/2022,WCC4,2,0.001,5.338
6/4/2022,WCC4,1,0.001,5.596
6/5/2022,WCC4,1,0.001,7.269
6/6/2022,WCC4,0,0.001,8.770
6/7/2022,WCC4,1,0.001,9.199
6/8/2022,WCC4,1,0.001,9.843
6/9/2022,WCC4,0,0.001,10.529
6/10/2022,WCC4,0,0.001,13.575
6/11/2022,WCC4,0,0.001,11.473
6/12/2022,WCC4,0,0.001,12.503
6/13/2022,WCC4,0,0.001,11.730
6/14/2022,WCC4,0,0.001,12.031
6/15/2022,WCC4,NA,0.001,7.269
6/16/2022,WCC4,NA,0.001,8.642
6/17/2022,WCC4,NA,0.001,12.460
6/18/2022,WCC4,NA,0.001,13.189
6/19/2022,WCC4,NA,0.001,10.315
6/20/2022,WCC4,NA,0.001,5.467
6/21/2022,WCC4,NA,0.001,7.312
6/22/2022,WCC4,NA,0.001,13.961
6/23/2022,WCC4,NA,0.002,11.559
6/24/2022,WCC4,NA,0.001,12.460
6/25/2022,WCC4,NA,0.001,11.859
6/26/2022,WCC4,NA,0.001,11.945
6/27/2022,WCC4,NA,0.001,11.344
6/28/2022,WCC4,NA,0.001,12.117
6/29/2022,WCC4,NA,0.001,13.661
6/30/2022,WCC4,NA,0.001,12.932
7/1/2022,WCC4,NA,0.001,12.846
7/2/2022,WCC4,NA,0.001,15.677
7/3/2022,WCC4,NA,0.001,12.460
7/4/2022,WCC4,NA,0.001,11.344
7/5/2022,WCC4,NA,0.001,14.819
7/6/2022,WCC4,NA,0.001,11.216
7/7/2022,WCC4,NA,0.001,8.213
7/8/2022,WCC4,NA,0.001,11.087
7/9/2022,WCC4,NA,0.001,13.661
7/10/2022,WCC4,NA,0.001,14.219
7/11/2022,WCC4,NA,0.001,15.377
7/12/2022,WCC4,NA,0.002,13.275
7/13/2022,WCC4,NA,0.001,13.618
7/14/2022,WCC4,NA,0.001,14.390
7/15/2022,WCC4,NA,0.001,14.819
7/16/2022,WCC4,NA,0.001,13.961
7/17/2022,WCC4,NA,0.001,14.776
7/18/2022,WCC4,NA,0.001,14.176
7/19/2022,WCC4,NA,0.001,14.734
7/20/2022,WCC4,NA,0.001,15.420
7/21/2022,WCC4,NA,0.001,15.849
7/22/2022,WCC4,NA,0.001,14.433
7/23/2022,WCC4,NA,0.001,17.436
7/24/2022,WCC4,NA,0.001,14.991
7/25/2022,WCC4,NA,0.001,16.621
7/26/2022,WCC4,NA,0.001,15.806
7/27/2022,WCC4,NA,0.001,15.677
7/28/2022,WCC4,NA,0.001,14.433
7/29/2022,WCC4,NA,0.001,13.532
7/30/2022,WCC4,NA,0.001,15.120
7/31/2022,WCC4,NA,0.001,13.790
